Workbook

Sheet Factor list
A1: S.No. | B1: Factors | C1: SF# | D1: Sub-factors | E1: Intent | F1: Questions
A2: 1 | B2: Physiological factors | C2: 1.1 | D2: DoB | F2: 1
C3: 1.2 | D3: Life stage | F3: 1
C4: 1.3 | D4: Gender | F4: 1
C5: 1.4 | D5: Body composition | F5: 1
C6: 1.5 | D6: Genetics | F6: 1
C7: 1.6 | D7: Metabolic rate and recovery | F7: 1
A8: 2 | B8: Psychological factors | C8: 2.1 | D8: Motivation type | F8: 3
C9: 2.2 | D9: Mindset | F9: 3
C10: 2.3 | D10: Discipline | F10: 3
C11: 2.4 | D11: Self-efficacy | F11: 3
C12: 2.5 | D12: Personality traits | F12: 3
C13: 2.6 | D13: Emotional health & stress resilience | F13: 3
A14: 3 | B14: Behavioral factors | C14: 3.1 | D14: Daily habits & routines | F14: 3
C15: 3.2 | D15: Past behaviour patterns | F15: 3
C16: 3.3 | D16: Sleep hygiene | F16: 3
C17: 3.4 | D17: Substance use | F17: 3
C18: 3.5 | D18: Consistency & adaptability | F18: 3
A19: 4 | B19: Knowledge & awareness | C19: 4.1 | D19: Health literacy | F19: 3
C20: 4.2 | D20: Nutrition knowledge | F20: 3
C21: 4.3 | D21: Exercise knowledge | F21: 3
C22: 4.4 | D22: Awareness of long-term benefits | F22: 3
C23: 4.5 | D23: Susceptibility to misinformation | F23: 3
A24: 5 | B24: Sociocultural factors | C24: 5.1 | D24: Social support system | F24: 3
C25: 5.2 | D25: Cultural norms | F25: 3
C26: 5.3 | D26: Religious/spiritual beliefs | F26: 3
C27: 5.4 | D27: Community & Peer behaviour | F27: 3
C28: 5.5 | D28: Socioeconomic status | F28: 3
C29: 5.6 | D29: Living environment | F29: 3
A30: 6 | B30: Technological engagement factors | C30: 6.1 | D30: Use of fitness apps | F30: 3
C31: 6.2 | D31: Wearble tech adoption | F31: 3
C32: 6.3 | D32: Engagement in online communities | F32: 3
C33: 6.4 | D33: Exposure to social media influencers | F33: 3
C34: 6.5 | D34: Digital health literacy | F34: 3
A35: 7 | B35: Occupational and lifestyle factors | C35: 7.1 | D35: Job activity level | F35: 3
C36: 7.2 | D36: Work hours & flexibility | F36: 3
C37: 7.3 | D37: workplace wellness culture | F37: 3
C38: 7.4 | D38: occupational stress & demands | F38: 3
F39: =SUM(F2:F38) -> 99

Sheet Questionnaire
A1: S.No. | B1: Category | C1: Question ID | D1: Revised Question | E1: Direct / Reverse Keyed
A2: 1 | B2: Nutritional Curiosity | C2: O-NC-1 | D2: I enjoy trying foods that I have never eaten before. | E2: Direct
A3: 2 | B3: Nutritional Curiosity | C3: O-NC-2 | D3: I am interested in trying healthy foods that are new to me, even if they are unfamiliar. | E3: Direct
A4: 3 | B4: Nutritional Curiosity | C4: O-NC-3 | D4: I usually prefer familiar foods instead of trying different ones. | E4: Reverse
A5: 4 | B5: Exercise Exploration | C5: O-EE-1 | D5: I am willing to try a new type of physical activity if it looks interesting. | E5: Direct
A6: 5 | B6: Exercise Exploration | C6: O-EE-2 | D6: I enjoy learning about different ways people stay physically active. | E6: Direct
A7: 6 | B7: Exercise Exploration | C7: O-EE-3 | D7: I prefer sticking to activities I already know rather than trying new ones. | E7: Reverse
A8: 7 | B8: Recovery Exploration | C8: O-RE-1 | D8: I am curious about different ways people recover and recharge their bodies. | E8: Direct
A9: 8 | B9: Recovery Exploration | C9: O-RE-2 | D9: I like learning about methods that may help people feel refreshed and recovered. | E9: Direct
A10: 9 | B10: Recovery Exploration | C10: O-RE-3 | D10: I usually rely on the same recovery habits and rarely explore alternatives. | E10: Reverse
A11: 10 | B11: Mind-Body Exploration | C11: O-ME-1 | D11: I am interested in activities that help me understand my thoughts and feelings better. | E11: Direct
A12: 11 | B12: Mind-Body Exploration | C12: O-ME-2 | D12: I'm curious about practices like breathing exercises or meditation that help calm the mind. | E12: Direct
A13: 12 | B13: Mind-Body Exploration | C13: O-ME-3 | D13: I don't usually spend time thinking about how my mood or stress levels affect my health. | E13: Reverse
... A91: 90 | B91: Emotional Recovery Resilience | C91: N-ER-3 | D91: After a bad day, I usually bounce back and get going again without much trouble. | E91: Reverse

Sheet Assessment Engine
A1: S.No. | B1: Traits | C1: Facet ID | D1: Facet | E1: Q.ID | F1: Option A | G1: Option B | H1: Option C | I1: Option D | J1: Option E | K1: Option F | L1: Option G | M1: Response | N1: Facet Avg | O1: Trait Avg | P1: Steady Elephant | Q1: Pack Wolf | R1: Watchful Deer | S1: Curious Fox | T1: Steadfast Bear | U1: Shielded Turtle
A2: 1 | B2: Openness | C2: =LEFT(E2,4) -> O-NC | D2: Nutritional Curiosity | E2: O-NC-1 | F2: 1 | G2: 2 | H2: 3 | I2: 4 | J2: 5 | K2: 6 | L2: 7 | M2: 4 | N2: =AVERAGE(M2:M4) -> 3.3333333 | O2: =AVERAGE(M2:M19) -> 3.3333333 | P2: =($O$2-Centroids!F3)^2 -> 0.027777778 | Q2: =($O$2-Centroids!G3)^2 -> 1.3611111 | R2: =($O$2-Centroids!H3)^2 -> 1.3611111 | S2: =($O$2-Centroids!I3)^2 -> 10.027778 | T2: =($O$2-Centroids!J3)^2 -> 0.11111111 | U2: =($O$2-Centroids!K3)^2 -> 0.69444444
A3: 2 | B3: Openness | C3: =LEFT(E3,4) -> O-NC | D3: Nutritional Curiosity | E3: O-NC-2 | F3: 1 | G3: 2 | H3: 3 | I3: 4 | J3: 5 | K3: 6 | L3: 7 | M3: 4
A4: 3 | B4: Openness | C4: =LEFT(E4,4) -> O-NC | D4: Nutritional Curiosity | E4: O-NC-3 | F4: 1 | G4: 2 | H4: 3 | I4: 4 | J4: 5 | K4: 6 | L4: 7 | M4: 2
A5: 4 | B5: Openness | C5: =LEFT(E5,4) -> O-EE | D5: Exercise Exploration | E5: O-EE-1 | F5: 1 | G5: 2 | H5: 3 | I5: 4 | J5: 5 | K5: 6 | L5: 7 | M5: 4 | N5: =AVERAGE(M5:M7) -> 3.3333333
A6: 5 | B6: Openness | C6: =LEFT(E6,4) -> O-EE | D6: Exercise Exploration | E6: O-EE-2 | F6: 1 | G6: 2 | H6: 3 | I6: 4 | J6: 5 | K6: 6 | L6: 7 | M6: 4
A7: 6 | B7: Openness | C7: =LEFT(E7,4) -> O-EE | D7: Exercise Exploration | E7: O-EE-3 | F7: 1 | G7: 2 | H7: 3 | I7: 4 | J7: 5 | K7: 6 | L7: 7 | M7: 2
A8: 7 | B8: Openness | C8: =LEFT(E8,4) -> O-RE | D8: Recovery Exploration | E8: O-RE-1 | F8: 1 | G8: 2 | H8: 3 | I8: 4 | J8: 5 | K8: 6 | L8: 7 | M8: 4 | N8: =AVERAGE(M8:M10) -> 3.3333333
A9: 8 | B9: Openness | C9: =LEFT(E9,4) -> O-RE | D9: Recovery Exploration | E9: O-RE-2 | F9: 1 | G9: 2 | H9: 3 | I9: 4 | J9: 5 | K9: 6 | L9: 7 | M9: 4
A10: 9 | B10: Openness | C10: =LEFT(E10,4) -> O-RE | D10: Recovery Exploration | E10: O-RE-3 | F10: 1 | G10: 2 | H10: 3 | I10: 4 | J10: 5 | K10: 6 | L10: 7 | M10: 2
A11: 10 | B11: Openness | C11: =LEFT(E11,4) -> O-ME | D11: Mind-Body Exploration | E11: O-ME-1 | F11: 1 | G11: 2 | H11: 3 | I11: 4 | J11: 5 | K11: 6 | L11: 7 | M11: 4 | N11: =AVERAGE(M11:M13) -> 3.3333333
A12: 11 | B12: Openness | C12: =LEFT(E12,4) -> O-ME | D12: Mind-Body Exploration | E12: O-ME-2 | F12: 1 | G12: 2 | H12: 3 | I12: 4 | J12: 5 | K12: 6 | L12: 7 | M12: 4
A13: 12 | B13: Openness | C13: =LEFT(E13,4) -> O-ME | D13: Mind-Body Exploration | E13: O-ME-3 | F13: 1 | G13: 2 | H13: 3 | I13: 4 | J13: 5 | K13: 6 | L13: 7 | M13: 2
A14: 13 | B14: Openness | C14: =LEFT(E14,4) -> O-WL | D14: Wellness Learning Orientation | E14: O-WL-1 | F14: 1 | G14: 2 | H14: 3 | I14: 4 | J14: 5 | K14: 6 | L14: 7 | M14: 4 | N14: =AVERAGE(M14:M16) -> 3.3333333
A15: 14 | B15: Openness | C15: =LEFT(E15,4) -> O-WL | D15: Wellness Learning Orientation | E15: O-WL-2 | F15: 1 | G15: 2 | H15: 3 | I15: 4 | J15: 5 | K15: 6 | L15: 7 | M15: 4
A16: 15 | B16: Openness | C16: =LEFT(E16,4) -> O-WL | D16: Wellness Learning Orientation | E16: O-WL-3 | F16: 1 | G16: 2 | H16: 3 | I16: 4 | J16: 5 | K16: 6 | L16: 7 | M16: 2
A17: 16 | B17: Openness | C17: =LEFT(E17,4) -> O-WA | D17: Wellness Adaptability | E17: O-WA-1 | F17: 1 | G17: 2 | H17: 3 | I17: 4 | J17: 5 | K17: 6 | L17: 7 | M17: 4 | N17: =AVERAGE(M17:M19) -> 3.3333333
A18: 17 | B18: Openness | C18: =LEFT(E18,4) -> O-WA | D18: Wellness Adaptability | E18: O-WA-2 | F18: 1 | G18: 2 | H18: 3 | I18: 4 | J18: 5 | K18: 6 | L18: 7 | M18: 4
A19: 18 | B19: Openness | C19: =LEFT(E19,4) -> O-WA | D19: Wellness Adaptability | E19: O-WA-3 | F19: 1 | G19: 2 | H19: 3 | I19: 4 | J19: 5 | K19: 6 | L19: 7 | M19: 2
A20: 19 | B20: Conscientiousness | C20: =LEFT(E20,4) -> C-MP | D20: Meal Planning Discipline | E20: C-MP-1 | F20: 1 | G20: 2 | H20: 3 | I20: 4 | J20: 5 | K20: 6 | L20: 7 | M20: 6 | N20: =AVERAGE(M20:M22) -> 4.6666667 | O20: =AVERAGE(N20:N35) -> 4.6666667 | P20: =($O$20-Centroids!F4)^2 -> 3.3611111 | Q20: =($O$20-Centroids!G4)^2 -> 0.28444444 | R20: =($O$20-Centroids!H4)^2 -> 3.4844444 | S20: =($O$20-Centroids!I4)^2 -> 4.6944444 | T20: =($O$20-Centroids!J4)^2 -> 1.2844444 | U20: =($O$20-Centroids!K4)^2 -> 4.6944444
A21: 20 | B21: Conscientiousness | C21: =LEFT(E21,4) -> C-MP | D21: Meal Planning Discipline | E21: C-MP-2 | F21: 1 | G21: 2 | H21: 3 | I21: 4 | J21: 5 | K21: 6 | L21: 7 | M21: 7
A22: 21 | B22: Conscientiousness | C22: =LEFT(E22,4) -> C-MP | D22: Meal Planning Discipline | E22: C-MP-3 | F22: 1 | G22: 2 | H22: 3 | I22: 4 | J22: 5 | K22: 6 | L22: 7 | M22: 1
A23: 22 | B23: Conscientiousness | C23: =LEFT(E23,4) -> C-WA | D23: Workout Adherence | E23: C-WA-1 | F23: 1 | G23: 2 | H23: 3 | I23: 4 | J23: 5 | K23: 6 | L23: 7 | M23: 6 | N23: =AVERAGE(M23:M25) -> 4.6666667
A24: 23 | B24: Conscientiousness | C24: =LEFT(E24,4) -> C-WA | D24: Workout Adherence | E24: C-WA-2 | F24: 1 | G24: 2 | H24: 3 | I24: 4 | J24: 5 | K24: 6 | L24: 7 | M24: 7
A25: 24 | B25: Conscientiousness | C25: =LEFT(E25,4) -> C-WA | D25: Workout Adherence | E25: C-WA-3 | F25: 1 | G25: 2 | H25: 3 | I25: 4 | J25: 5 | K25: 6 | L25: 7 | M25: 1
A26: 25 | B26: Conscientiousness | C26: =LEFT(E26,4) -> C-SR | D26: Sleep Routine Consistency | E26: C-SR-1 | F26: 1 | G26: 2 | H26: 3 | I26: 4 | J26: 5 | K26: 6 | L26: 7 | M26: 6 | N26: =AVERAGE(M26:M28) -> 4.6666667
A27: 26 | B27: Conscientiousness | C27: =LEFT(E27,4) -> C-SR | D27: Sleep Routine Consistency | E27: C-SR-2 | F27: 1 | G27: 2 | H27: 3 | I27: 4 | J27: 5 | K27: 6 | L27: 7 | M27: 7
A28: 27 | B28: Conscientiousness | C28: =LEFT(E28,4) -> C-SR | D28: Sleep Routine Consistency | E28: C-SR-3 | F28: 1 | G28: 2 | H28: 3 | I28: 4 | J28: 5 | K28: 6 | L28: 7 | M28: 1
A29: 28 | B29: Conscientiousness | C29: =LEFT(E29,4) -> C-PT | D29: Progress Tracking | E29: C-PT-1 | F29: 1 | G29: 2 | H29: 3 | I29: 4 | J29: 5 | K29: 6 | L29: 7 | M29: 6 | N29: =AVERAGE(M29:M31) -> 4.6666667
A30: 29 | B30: Conscientiousness | C30: =LEFT(E30,4) -> C-PT | D30: Progress Tracking | E30: C-PT-2 | F30: 1 | G30: 2 | H30: 3 | I30: 4 | J30: 5 | K30: 6 | L30: 7 | M30: 7
A31: 30 | B31: Conscientiousness | C31: =LEFT(E31,4) -> C-PT | D31: Progress Tracking | E31: C-PT-3 | F31: 1 | G31: 2 | H31: 3 | I31: 4 | J31: 5 | K31: 6 | L31: 7 | M31: 1
A32: 31 | B32: Conscientiousness | C32: =LEFT(E32,4) -> C-IC | D32: Impulse Control | E32: C-IC-1 | F32: 1 | G32: 2 | H32: 3 | I32: 4 | J32: 5 | K32: 6 | L32: 7 | M32: 6 | N32: =AVERAGE(M32:M34) -> 4.6666667
A33: 32 | B33: Conscientiousness | C33: =LEFT(E33,4) -> C-IC | D33: Impulse Control | E33: C-IC-2 | F33: 1 | G33: 2 | H33: 3 | I33: 4 | J33: 5 | K33: 6 | L33: 7 | M33: 7
A34: 33 | B34: Conscientiousness | C34: =LEFT(E34,4) -> C-IC | D34: Impulse Control | E34: C-IC-3 | F34: 1 | G34: 2 | H34: 3 | I34: 4 | J34: 5 | K34: 6 | L34: 7 | M34: 1
A35: 34 | B35: Conscientiousness | C35: =LEFT(E35,4) -> C-RD | D35: Recovery Discipline | E35: C-RD-1 | F35: 1 | G35: 2 | H35: 3 | I35: 4 | J35: 5 | K35: 6 | L35: 7 | M35: 6 | N35: =AVERAGE(M35:M37) -> 4.6666667
A36: 35 | B36: Conscientiousness | C36: =LEFT(E36,4) -> C-RD | D36: Recovery Discipline | E36: C-RD-2 | F36: 1 | G36: 2 | H36: 3 | I36: 4 | J36: 5 | K36: 6 | L36: 7 | M36: 7
A37: 36 | B37: Conscientiousness | C37: =LEFT(E37,4) -> C-RD | D37: Recovery Discipline | E37: C-RD-3 | F37: 1 | G37: 2 | H37: 3 | I37: 4 | J37: 5 | K37: 6 | L37: 7 | M37: 1
A38: 37 | B38: Extraversion | C38: =LEFT(E38,4) -> E-SW | D38: Social Workout Preference | E38: E-SW-1 | F38: 1 | G38: 2 | H38: 3 | I38: 4 | J38: 5 | K38: 6 | L38: 7 | M38: 4 | N38: =AVERAGE(M38:M40) -> 3.6666667 | O38: =AVERAGE(N38:N53) -> 3.6666667 | P38: =($O$38-Centroids!F5)^2 -> 0.87111111 | Q38: =($O$38-Centroids!G5)^2 -> 8.0277778 | R38: =($O$38-Centroids!H5)^2 -> 0.75111111 | S38: =($O$38-Centroids!I5)^2 -> 3.3611111 | T38: =($O$38-Centroids!J5)^2 -> 0.44444444 | U38: =($O$38-Centroids!K5)^2 -> 2.7777778
A39: 38 | B39: Extraversion | C39: =LEFT(E39,4) -> E-SW | D39: Social Workout Preference | E39: E-SW-2 | F39: 1 | G39: 2 | H39: 3 | I39: 4 | J39: 5 | K39: 6 | L39: 7 | M39: 5
A40: 39 | B40: Extraversion | C40: =LEFT(E40,4) -> E-SW | D40: Social Workout Preference | E40: E-SW-3 | F40: 1 | G40: 2 | H40: 3 | I40: 4 | J40: 5 | K40: 6 | L40: 7 | M40: 2
A41: 40 | B41: Extraversion | C41: =LEFT(E41,4) -> E-WS | D41: Wellness Sharing | E41: E-WS-1 | F41: 1 | G41: 2 | H41: 3 | I41: 4 | J41: 5 | K41: 6 | L41: 7 | M41: 4 | N41: =AVERAGE(M41:M43) -> 3.6666667
A42: 41 | B42: Extraversion | C42: =LEFT(E42,4) -> E-WS | D42: Wellness Sharing | E42: E-WS-2 | F42: 1 | G42: 2 | H42: 3 | I42: 4 | J42: 5 | K42: 6 | L42: 7 | M42: 5
A43: 42 | B43: Extraversion | C43: =LEFT(E43,4) -> E-WS | D43: Wellness Sharing | E43: E-WS-3 | F43: 1 | G43: 2 | H43: 3 | I43: 4 | J43: 5 | K43: 6 | L43: 7 | M43: 2
A44: 43 | B44: Extraversion | C44: =LEFT(E44,4) -> E-HC | D44: Healthy Competition | E44: E-HC-1 | F44: 1 | G44: 2 | H44: 3 | I44: 4 | J44: 5 | K44: 6 | L44: 7 | M44: 4 | N44: =AVERAGE(M44:M46) -> 3.6666667
A45: 44 | B45: Extraversion | C45: =LEFT(E45,4) -> E-HC | D45: Healthy Competition | E45: E-HC-2 | F45: 1 | G45: 2 | H45: 3 | I45: 4 | J45: 5 | K45: 6 | L45: 7 | M45: 5
A46: 45 | B46: Extraversion | C46: =LEFT(E46,4) -> E-HC | D46: Healthy Competition | E46: E-HC-3 | F46: 1 | G46: 2 | H46: 3 | I46: 4 | J46: 5 | K46: 6 | L46: 7 | M46: 2
A47: 46 | B47: Extraversion | C47: =LEFT(E47,4) -> E-AE | D47: Activity Energy | E47: E-AE-1 | F47: 1 | G47: 2 | H47: 3 | I47: 4 | J47: 5 | K47: 6 | L47: 7 | M47: 4 | N47: =AVERAGE(M47:M49) -> 3.6666667
A48: 47 | B48: Extraversion | C48: =LEFT(E48,4) -> E-AE | D48: Activity Energy | E48: E-AE-2 | F48: 1 | G48: 2 | H48: 3 | I48: 4 | J48: 5 | K48: 6 | L48: 7 | M48: 5
A49: 48 | B49: Extraversion | C49: =LEFT(E49,4) -> E-AE | D49: Activity Energy | E49: E-AE-3 | F49: 1 | G49: 2 | H49: 3 | I49: 4 | J49: 5 | K49: 6 | L49: 7 | M49: 2
A50: 49 | B50: Extraversion | C50: =LEFT(E50,4) -> E-GR | D50: Group Recovery Preference | E50: E-GR-1 | F50: 1 | G50: 2 | H50: 3 | I50: 4 | J50: 5 | K50: 6 | L50: 7 | M50: 4 | N50: =AVERAGE(M50:M52) -> 3.6666667
A51: 50 | B51: Extraversion | C51: =LEFT(E51,4) -> E-GR | D51: Group Recovery Preference | E51: E-GR-2 | F51: 1 | G51: 2 | H51: 3 | I51: 4 | J51: 5 | K51: 6 | L51: 7 | M51: 5
A52: 51 | B52: Extraversion | C52: =LEFT(E52,4) -> E-GR | D52: Group Recovery Preference | E52: E-GR-3 | F52: 1 | G52: 2 | H52: 3 | I52: 4 | J52: 5 | K52: 6 | L52: 7 | M52: 2
A53: 52 | B53: Extraversion | C53: =LEFT(E53,4) -> E-PW | D53: Positive Wellness Influence | E53: E-PW-1 | F53: 1 | G53: 2 | H53: 3 | I53: 4 | J53: 5 | K53: 6 | L53: 7 | M53: 4 | N53: =AVERAGE(M53:M55) -> 3.6666667
A54: 53 | B54: Extraversion | C54: =LEFT(E54,4) -> E-PW | D54: Positive Wellness Influence | E54: E-PW-2 | F54: 1 | G54: 2 | H54: 3 | I54: 4 | J54: 5 | K54: 6 | L54: 7 | M54: 5
A55: 54 | B55: Extraversion | C55: =LEFT(E55,4) -> E-PW | D55: Positive Wellness Influence | E55: E-PW-3 | F55: 1 | G55: 2 | H55: 3 | I55: 4 | J55: 5 | K55: 6 | L55: 7 | M55: 2
A56: 55 | B56: Agreeableness | C56: =LEFT(E56,4) -> A-NC | D56: Nutrition Consideration | E56: A-NC-1 | F56: 1 | G56: 2 | H56: 3 | I56: 4 | J56: 5 | K56: 6 | L56: 7 | M56: 4 | N56: =AVERAGE(M56:M58) -> 3.6666667 | O56: =AVERAGE(N56:N71) -> 3.6666667 | P56: =($O$56-Centroids!F6)^2 -> 3.3611111 | Q56: =($O$56-Centroids!G6)^2 -> 5.4444444 | R56: =($O$56-Centroids!H6)^2 -> 1.7777778 | S56: =($O$56-Centroids!I6)^2 -> 0.11111111 | T56: =($O$56-Centroids!J6)^2 -> 1.7777778 | U56: =($O$56-Centroids!K6)^2 -> 0.11111111
A57: 56 | B57: Agreeableness | C57: =LEFT(E57,4) -> A-NC | D57: Nutrition Consideration | E57: A-NC-2 | F57: 1 | G57: 2 | H57: 3 | I57: 4 | J57: 5 | K57: 6 | L57: 7 | M57: 5
A58: 57 | B58: Agreeableness | C58: =LEFT(E58,4) -> A-NC | D58: Nutrition Consideration | E58: A-NC-3 | F58: 1 | G58: 2 | H58: 3 | I58: 4 | J58: 5 | K58: 6 | L58: 7 | M58: 2
A59: 58 | B59: Agreeableness | C59: =LEFT(E59,4) -> A-WH | D59: Wellness Harmony | E59: A-WH-1 | F59: 1 | G59: 2 | H59: 3 | I59: 4 | J59: 5 | K59: 6 | L59: 7 | M59: 4 | N59: =AVERAGE(M59:M61) -> 3.6666667
A60: 59 | B60: Agreeableness | C60: =LEFT(E60,4) -> A-WH | D60: Wellness Harmony | E60: A-WH-2 | F60: 1 | G60: 2 | H60: 3 | I60: 4 | J60: 5 | K60: 6 | L60: 7 | M60: 5
A61: 60 | B61: Agreeableness | C61: =LEFT(E61,4) -> A-WH | D61: Wellness Harmony | E61: A-WH-3 | F61: 1 | G61: 2 | H61: 3 | I61: 4 | J61: 5 | K61: 6 | L61: 7 | M61: 2
A62: 61 | B62: Agreeableness | C62: =LEFT(E62,4) -> A-SE | D62: Supportive Encouragement | E62: A-SE-1 | F62: 1 | G62: 2 | H62: 3 | I62: 4 | J62: 5 | K62: 6 | L62: 7 | M62: 4 | N62: =AVERAGE(M62:M64) -> 3.6666667
A63: 62 | B63: Agreeableness | C63: =LEFT(E63,4) -> A-SE | D63: Supportive Encouragement | E63: A-SE-2 | F63: 1 | G63: 2 | H63: 3 | I63: 4 | J63: 5 | K63: 6 | L63: 7 | M63: 5
A64: 63 | B64: Agreeableness | C64: =LEFT(E64,4) -> A-SE | D64: Supportive Encouragement | E64: A-SE-3 | F64: 1 | G64: 2 | H64: 3 | I64: 4 | J64: 5 | K64: 6 | L64: 7 | M64: 2
A65: 64 | B65: Agreeableness | C65: =LEFT(E65,4) -> A-RG | D65: Respect for Guidance | E65: A-RG-1 | F65: 1 | G65: 2 | H65: 3 | I65: 4 | J65: 5 | K65: 6 | L65: 7 | M65: 4 | N65: =AVERAGE(M65:M67) -> 3.6666667
A66: 65 | B66: Agreeableness | C66: =LEFT(E66,4) -> A-RG | D66: Respect for Guidance | E66: A-RG-2 | F66: 1 | G66: 2 | H66: 3 | I66: 4 | J66: 5 | K66: 6 | L66: 7 | M66: 5
A67: 66 | B67: Agreeableness | C67: =LEFT(E67,4) -> A-RG | D67: Respect for Guidance | E67: A-RG-3 | F67: 1 | G67: 2 | H67: 3 | I67: 4 | J67: 5 | K67: 6 | L67: 7 | M67: 2
A68: 67 | B68: Agreeableness | C68: =LEFT(E68,4) -> A-CP | D68: Cooperative Participation | E68: A-CP-1 | F68: 1 | G68: 2 | H68: 3 | I68: 4 | J68: 5 | K68: 6 | L68: 7 | M68: 4 | N68: =AVERAGE(M68:M70) -> 3.6666667
A69: 68 | B69: Agreeableness | C69: =LEFT(E69,4) -> A-CP | D69: Cooperative Participation | E69: A-CP-2 | F69: 1 | G69: 2 | H69: 3 | I69: 4 | J69: 5 | K69: 6 | L69: 7 | M69: 5
A70: 69 | B70: Agreeableness | C70: =LEFT(E70,4) -> A-CP | D70: Cooperative Participation | E70: A-CP-3 | F70: 1 | G70: 2 | H70: 3 | I70: 4 | J70: 5 | K70: 6 | L70: 7 | M70: 2
A71: 70 | B71: Agreeableness | C71: =LEFT(E71,4) -> A-SR | D71: Shared Recovery Respect | E71: A-SR-1 | F71: 1 | G71: 2 | H71: 3 | I71: 4 | J71: 5 | K71: 6 | L71: 7 | M71: 4 | N71: =AVERAGE(M71:M73) -> 3.6666667
A72: 71 | B72: Agreeableness | C72: =LEFT(E72,4) -> A-SR | D72: Shared Recovery Respect | E72: A-SR-2 | F72: 1 | G72: 2 | H72: 3 | I72: 4 | J72: 5 | K72: 6 | L72: 7 | M72: 5
A73: 72 | B73: Agreeableness | C73: =LEFT(E73,4) -> A-SR | D73: Shared Recovery Respect | E73: A-SR-3 | F73: 1 | G73: 2 | H73: 3 | I73: 4 | J73: 5 | K73: 6 | L73: 7 | M73: 2
A74: 73 | B74: Neuroticism | C74: =LEFT(E74,4) -> N-HA | D74: Health Anxiety Sensitivity | E74: N-HA-1 | F74: 1 | G74: 2 | H74: 3 | I74: 4 | J74: 5 | K74: 6 | L74: 7 | M74: 1 | N74: =AVERAGE(M74:M76) -> 3.3333333 | O74: =AVERAGE(N74:N89) -> 3.3333333 | P74: =($O$74-Centroids!F7)^2 -> 3.3611111 | Q74: =($O$74-Centroids!G7)^2 -> 0.28444444 | R74: =($O$74-Centroids!H7)^2 -> 7.1111111 | S74: =($O$74-Centroids!I7)^2 -> 0.69444444 | T74: =($O$74-Centroids!J7)^2 -> 1.7777778 | U74: =($O$74-Centroids!K7)^2 -> 10.027778
A75: 74 | B75: Neuroticism | C75: =LEFT(E75,4) -> N-HA | D75: Health Anxiety Sensitivity | E75: N-HA-2 | F75: 1 | G75: 2 | H75: 3 | I75: 4 | J75: 5 | K75: 6 | L75: 7 | M75: 2
A76: 75 | B76: Neuroticism | C76: =LEFT(E76,4) -> N-HA | D76: Health Anxiety Sensitivity | E76: N-HA-3 | F76: 1 | G76: 2 | H76: 3 | I76: 4 | J76: 5 | K76: 6 | L76: 7 | M76: 7
A77: 76 | B77: Neuroticism | C77: =LEFT(E77,4) -> N-EE | D77: Emotional Eating Response | E77: N-EE-1 | F77: 1 | G77: 2 | H77: 3 | I77: 4 | J77: 5 | K77: 6 | L77: 7 | M77: 1 | N77: =AVERAGE(M77:M79) -> 3.3333333
A78: 77 | B78: Neuroticism | C78: =LEFT(E78,4) -> N-EE | D78: Emotional Eating Response | E78: N-EE-2 | F78: 1 | G78: 2 | H78: 3 | I78: 4 | J78: 5 | K78: 6 | L78: 7 | M78: 2
A79: 78 | B79: Neuroticism | C79: =LEFT(E79,4) -> N-EE | D79: Emotional Eating Response | E79: N-EE-3 | F79: 1 | G79: 2 | H79: 3 | I79: 4 | J79: 5 | K79: 6 | L79: 7 | M79: 7
A80: 79 | B80: Neuroticism | C80: =LEFT(E80,4) -> N-SC | D80: Stress Impact on Consistency | E80: N-SC-1 | F80: 1 | G80: 2 | H80: 3 | I80: 4 | J80: 5 | K80: 6 | L80: 7 | M80: 1 | N80: =AVERAGE(M80:M82) -> 3.3333333
A81: 80 | B81: Neuroticism | C81: =LEFT(E81,4) -> N-SC | D81: Stress Impact on Consistency | E81: N-SC-2 | F81: 1 | G81: 2 | H81: 3 | I81: 4 | J81: 5 | K81: 6 | L81: 7 | M81: 2
A82: 81 | B82: Neuroticism | C82: =LEFT(E82,4) -> N-SC | D82: Stress Impact on Consistency | E82: N-SC-3 | F82: 1 | G82: 2 | H82: 3 | I82: 4 | J82: 5 | K82: 6 | L82: 7 | M82: 7
A83: 82 | B83: Neuroticism | C83: =LEFT(E83,4) -> N-SW | D83: Sleep Worry & Mental Overload | E83: N-SW-1 | F83: 1 | G83: 2 | H83: 3 | I83: 4 | J83: 5 | K83: 6 | L83: 7 | M83: 1 | N83: =AVERAGE(M83:M85) -> 3.3333333
A84: 83 | B84: Neuroticism | C84: =LEFT(E84,4) -> N-SW | D84: Sleep Worry & Mental Overload | E84: N-SW-2 | F84: 1 | G84: 2 | H84: 3 | I84: 4 | J84: 5 | K84: 6 | L84: 7 | M84: 2
A85: 84 | B85: Neuroticism | C85: =LEFT(E85,4) -> N-SW | D85: Sleep Worry & Mental Overload | E85: N-SW-3 | F85: 1 | G85: 2 | H85: 3 | I85: 4 | J85: 5 | K85: 6 | L85: 7 | M85: 7
A86: 85 | B86: Neuroticism | C86: =LEFT(E86,4) -> N-WS | D86: Wellness Stability | E86: N-WS-1 | F86: 1 | G86: 2 | H86: 3 | I86: 4 | J86: 5 | K86: 6 | L86: 7 | M86: 1 | N86: =AVERAGE(M86:M88) -> 3.3333333
A87: 86 | B87: Neuroticism | C87: =LEFT(E87,4) -> N-WS | D87: Wellness Stability | E87: N-WS-2 | F87: 1 | G87: 2 | H87: 3 | I87: 4 | J87: 5 | K87: 6 | L87: 7 | M87: 2
A88: 87 | B88: Neuroticism | C88: =LEFT(E88,4) -> N-WS | D88: Wellness Stability | E88: N-WS-3 | F88: 1 | G88: 2 | H88: 3 | I88: 4 | J88: 5 | K88: 6 | L88: 7 | M88: 7
A89: 88 | B89: Neuroticism | C89: =LEFT(E89,4) -> N-ER | D89: Emotional Recovery Resilience | E89: N-ER-1 | F89: 1 | G89: 2 | H89: 3 | I89: 4 | J89: 5 | K89: 6 | L89: 7 | M89: 1 | N89: =AVERAGE(M89:M91) -> 3.3333333
A90: 89 | B90: Neuroticism | C90: =LEFT(E90,4) -> N-ER | D90: Emotional Recovery Resilience | E90: N-ER-2 | F90: 1 | G90: 2 | H90: 3 | I90: 4 | J90: 5 | K90: 6 | L90: 7 | M90: 2
A91: 90 | B91: Neuroticism | C91: =LEFT(E91,4) -> N-ER | D91: Emotional Recovery Resilience | E91: N-ER-3 | F91: 1 | G91: 2 | H91: 3 | I91: 4 | J91: 5 | K91: 6 | L91: 7 | M91: 7
B92: DISTANCE (d) | P92: =SQRT(SUM(P2:P91)) -> 3.3139436 | Q92: =SQRT(SUM(Q2:Q91)) -> 3.9245665 | R92: =SQRT(SUM(R2:R91)) -> 3.8059894 | S92: =SQRT(SUM(S2:S91)) -> 4.3461349 | T92: =SQRT(SUM(T2:T91)) -> 2.3228335 | U92: =SQRT(SUM(U2:U91)) -> 4.2784992
B93: Alpha | P93: 1
B94: Si | P94: =EXP(-P92*$P$93) -> 0.036372452 | Q94: =EXP(-Q92*$P$93) -> 0.019750697 | R94: =EXP(-R92*$P$93) -> 0.022237184 | S94: =EXP(-S92*$P$93) -> 0.012956795 | T94: =EXP(-T92*$P$93) -> 0.09799552 | U94: =EXP(-U92*$P$93) -> 0.013863453
B95: Percentage | P95: =P94/SUM($P$94:$U$94) -> 0.17901934 | Q95: =Q94/SUM($P$94:$U$94) -> 0.097209745 | R95: =R94/SUM($P$94:$U$94) -> 0.10944783 | S95: =S94/SUM($P$94:$U$94) -> 0.063771254 | T95: =T94/SUM($P$94:$U$94) -> 0.48231815 | U95: =U94/SUM($P$94:$U$94) -> 0.068233678
B97: FIT SCORE ANALYSIS (FOR PRIMARY PERSONA)
B98: Max Inter-Centroid Distance (constant: Steady Elephant <-> Shielded Turtle) | P98: 7.1421
B99: Fit Score (0-100) | P99: =MAX(0, MIN(100, (1 - P92/$P$98) * 100)) -> 53.599871 | Q99: =MAX(0, MIN(100, (1 - Q92/$P$98) * 100)) -> 45.050244 | R99: =MAX(0, MIN(100, (1 - R92/$P$98) * 100)) -> 46.710499 | S99: =MAX(0, MIN(100, (1 - S92/$P$98) * 100)) -> 39.147661 | T99: =MAX(0, MIN(100, (1 - T92/$P$98) * 100)) -> 67.476883 | U99: =MAX(0, MIN(100, (1 - U92/$P$98) * 100)) -> 40.094661
B100: Fit Tier | P100: Core | Q100: Adaptive | R100: Adaptive | S100: Adaptive | T100: Core | U100: Adaptive
B101: Classic: 75-100 | Core: 50-74 | Adaptive: 25-49 | Emerging: 0-24
...

Sheet Centroids
C1: Weights | F1: Benchmark Centroids | L1: Weighted Centroids
A2: S.No. | B2: Factors | C2: Base w | D2: Context tweak | E2: Final w | F2: Steady Elephant | G2: Pack Wolf | H2: Watchful Deer | I2: Curious Fox | J2: Steadfast Bear | K2: Shielded Turtle | L2: Steady Elephant | M2: Pack Wolf | N2: Watchful Deer | O2: Curious Fox | P2: Steadfast Bear | Q2: Shielded Turtle
A3: 1 | B3: Openness | C3: 1 | D3: 0 | E3: =C3*(1+D3) -> 1 | F3: 3.5 | G3: 4.5 | H3: 4.5 | I3: 6.5 | J3: 3 | K3: 2.5 | L3: =$E$5*F3 -> 3.5 | M3: =$E$4*G3 -> 4.5 | N3: =$E$4*H3 -> 4.5 | O3: =$E$6*I3 -> 6.5 | P3: =$E$6*J3 -> 3 | Q3: =$E$4*K3 -> 2.5
A4: 2 | B4: Conscientousness | C4: 1 | D4: 0 | E4: =C4*(1+D4) -> 1 | F4: 6.5 | G4: 5.2 | H4: 2.8 | I4: 2.5 | J4: 5.8 | K4: 2.5 | L4: =$E$5*F4 -> 6.5 | M4: =$E$4*G4 -> 5.2 | N4: =$E$4*H4 -> 2.8 | O4: =$E$6*I4 -> 2.5 | P4: =$E$6*J4 -> 5.8 | Q4: =$E$4*K4 -> 2.5
A5: 3 | B5: Extraversion | C5: 1 | D5: 0 | E5: =C5*(1+D5) -> 1 | F5: 4.6 | G5: 6.5 | H5: 2.8 | I5: 5.5 | J5: 3 | K5: 2 | L5: =$E$5*F5 -> 4.6 | M5: =$E$4*G5 -> 6.5 | N5: =$E$4*H5 -> 2.8 | O5: =$E$6*I5 -> 5.5 | P5: =$E$6*J5 -> 3 | Q5: =$E$4*K5 -> 2
A6: 4 | B6: Agreeableness | C6: 1 | D6: 0 | E6: =C6*(1+D6) -> 1 | F6: 5.5 | G6: 6 | H6: 5 | I6: 4 | J6: 5 | K6: 4 | L6: =$E$5*F6 -> 5.5 | M6: =$E$4*G6 -> 6 | N6: =$E$4*H6 -> 5 | O6: =$E$6*I6 -> 4 | P6: =$E$6*J6 -> 5 | Q6: =$E$4*K6 -> 4
A7: 5 | B7: Neuroticism | C7: 1 | D7: 0 | E7: =C7*(1+D7) -> 1 | F7: 1.5 | G7: 2.8 | H7: 6 | I7: 2.5 | J7: 2 | K7: 6.5 | L7: =$E$5*F7 -> 1.5 | M7: =$E$4*G7 -> 2.8 | N7: =$E$4*H7 -> 6 | O7: =$E$6*I7 -> 2.5 | P7: =$E$6*J7 -> 2 | Q7: =$E$4*K7 -> 6.5
F10: 3
F11: 2.92
F12: 3.12
F13: 2.79
F14: 5.17

Sheet Tech plan
A2: 1 | B2: Simple landing page | C2: Page with information about the tool
A3: 2 | B3: User registration | C3: Email ID
A4: 3 | B4: Login | C4: Native login + Social media login (Google, FB, Linkedin)
A5: 4 | B5: Assessment questions (scroll mode) | C5: Auto-scrolling. Cant go to next question if current one unanswered.
A6: 5 | B6: Auto save feature | C6: All responses must be saved and assessment can be continued later
A7: 6 | B7: Summary Results page | F7: Pricing
A8: 7 | B8: Share results option | C8: Should be shareable to Insta, FB, Twitter, Linkedin | F8: Examples web app
A9: 8 | B9: Email/Whatsapp detailed report | C9: PDF format sent on mail/whatsapp
A10: 9 | B10: Gift assessment | C10: Mail, whatsapp
A11: 10 | B11: Payment gateway | C11: Payment with voucher option
A12: 11 | B12: Responsive pages
A13: 12 | B13: High speed and effects
A14: 13 | B14: Great UI/UX
A15: 14 | B15: Database | C15: Multi-table database
A16: 15 | B16: Report extraction | C16: Data reporting layer - User table/Responses table/Persona table
A17: 16 | B17: Admin page | C17: Facility to change centroids, weights, etc.
A18: 17 | B18: Country recognition | C18: Currency must change depending on India vs other geographies. INR vs USD
A19: 18 | B19: Business Cpanel | C19: Send assessment links Store assessment results
